,Specialist,Name,Ratings,Experience,Available Days,Appointment Times,Location
0,Dermatologist,Dr. Amit Kerure,4.9,Over 40 years,Mon-Sat,"10:00 - 14:00, 17:00 - 22:00","Mumbai, Maharashtra"
1,Dermatologist,Dr. Jaishree Sharad,4.7,Over 20 years,Mon-Sun,10:00 - 20:00,"Mumbai, Maharashtra"
2,Dermatologist,Dr. Kiran Godse,4.55,Over 50 presentations,"Mon, Tue, Wed, Fri, Sat","10:00 - 14:00, 18:00 - 21:00","Pune, Maharashtra"
3,Dermatologist,Dr. Gopi Maddali,4.6,Over 39 years,"Tue, Wed, Thu, Fri",18:00 - 21:00,"Hyderabad, Telangana"
4,Dermatologist,Dr. Subhash Chandra Bharija,4.5,Over 52 years,Mon-Sat,"11:00- 12:00, 14:00 - 16:00","New Delhi, Delhi"
5,Dermatologist,Dr. Subhash Chandra Bharija,4.7,Over 52 years,Mon-Sat,"10:00 - 14:00, 17:00 - 22:00",Delhi
6,Dermatologist,Dr. Sheilly Kapoor,4.55,Over 22 years,Mon-Sun,10:00 - 20:00,Gurgaon
7,Dermatologist,Dr. Monica Bambroo,4.6,Over 14 years,"Mon, Tue, Wed, Fri, Sat","10:00 - 14:00, 18:00 - 21:00",Gurgaon
8,Dermatologist,Dr. Pallav Kishanpuria,4.2,Over 19 years,"Tue, Wed, Thu, Fri",18:00 - 21:00,Delhi
9,Dermatologist,Dr. Aarti Sarda,4,Over 17 years,Mon-Sat,"11:00- 12:00, 14:00 - 16:00",Kolkata
10,Allergist,Dr. Akhila Hb,4.9,"7 years, MBBS, MD (Pediatrics), Fellowship in Asthma and Allergy",Mon-Sun,17:30 - 19:00,"Apollo Medical Center, Marathahalli, Bengaluru"
11,Allergist,Dr. Renu Saraogi,4.7,"21years,MBBS, PGDFM",Mon-Sun,19:00 - 21:40,"Apollo Clinic Bellandur, Bengaluru"
12,Allergist,Dr. Akram Syed,4.55,"22 years, MBBS, MD (Pediatrics)",Mon-Sun,19:30 - 22:00,"Apollo Clinic Bellandur, Bengaluru"
13,Allergist,Dr. Dershana P Rajaram,4.6,"35 years, MBBS, DGO",Mon-Sun,19:30 - 22:10,"Apollo Clinic Bellandur, Bengaluru"
14,Allergist,Dr. Sonali Jain,4.5,"32 years, MBBS, MD (Internal Medicine)",Mon-Sun,19:30 - 21:30,"Apollo Clinic Golf Course Rd Gurgaon, Gurugram"
15,Allergist,Dr. Anusuya Shetty,4.7,"17 years, MBBS, DNB (Gen. Med.), PGD (Clinical Endocrinology)",Mon-Sun,19:30 - 02:10,"Apollo Clinic Bellandur, Bengaluru"
16,Allergist,Dr. Suresh G,4.55,"25 years, MBBS, MD",Mon-Sun,19:30 - 05:30,"Apollo Clinic Bellandur, Bengaluru"
17,Allergist,Dr. Chaithanya R,4.6,"15 years, MBBS, MD Internal Medicine, Fellowship in Diabetes (UK), CCEBDM (PHFI)",Mon-Sun,19:30 - 02:00,"Apollo Clinic Bellandur, Bengaluru"
18,Allergist,Dr. Jyothi Rajesh,4.2,"22 years, MBBS, DGO (DNB)",Mon-Sun,19:30 - 02:00,"Apollo Clinic Bellandur, Bengaluru"
19,Allergist,Dr. Renu Saraogi,4,21 years of experience,Mon-Sun,19:00 - 21:40,"Apollo Clinic Bellandur, Bengaluru"
20,Hepatologist,Dr. Aabha Nagral,4.5,Over 28 years,"Tue, Thu","10:00 - 14:00, 10:00 - 12:00","Apollo Hospitals CBD Belapur, Mumbai"
21,Hepatologist,Dr. Govind Kendre,4.6,Over 5 years,Mon-Sat,16:00 - 18:00,"Mangal Prabhu Hospital, Navi Mumbai"
22,Hepatologist,Dr. Purushottam Vashistha,4.2,Over 15 years,"Mon, Wed, Fri",17:00 - 19:00,"Nanavati Super Specialty Hospital, Mumbai"
23,Hepatologist,Dr. Chetan Ramesh Kalal,4,"17 years, MBBS, DNB (Gen. Med.), PGD (Clinical Endocrinology)",Mon-Sat,13:00 - 18:00,"Sir H. N. Reliance Foundation Hospital, Mumbai"
24,Hepatologist,Dr. Parijat Gupte,4.6,"22 years, MBBS, DGO (DNB)",Mon-Sat,19:30 - 02:10,"Jupiter Hospital, Thane"
25,Hepatologist,Dr. Sanjay Govil,4.2,21 years of experience,Mon-Sat,08:00 - 20:00,"Apollo Hospital, Bangalore"
26,Hepatologist,Dr. Arvinder Singh Soin,4,35 years,Mon-Sat,9:00 AM - 5:00 PM,"Medanta The Medicity, Gurgaon"
27,Hepatologist,Dr. Sukrit Singh Sethi,4.5,10 years,Mon-Sat,9:00 AM - 5:00 PM,"Narayana Superspeciality Hospital, Gurugram, Gurgaon"
28,Hepatologist,Dr. Avnish Seth,4.6,29 years,Mon-Sat,9:00 AM - 5:00 PM,"Manipal Hospitals, Dwarka, New Delhi"
29,Hepatologist,Dr. Arul Prakash S,4.2,18 years,Mon-Sat,9:00 AM - 5:00 PM,"MGM Healthcare, Nelson Manickam Road, Chennai"
30,Infectious Disease Specialist,Dr. Swati Gohel ,4.7,18 years,Monday to Saturday,10:00 AM - 7:00 PM,"402, Maple Trade Centre, Sal Hospital Rd, Thaltej, Ahmedabad, Gujarat"
31,Infectious Disease Specialist,Dr Ashwini’s - ID clinic,5,7 years,Monday to Saturday,9:00 AM - 7:00 PM,"Tayade’s Clinic, Krishna Multispeciality Clinic, Ramdaspeth, Nagpur, Maharashtra"
32,Infectious Disease Specialist,Dr. Swapna Khanzode,4.3,15 years,Monday to Saturday,"10:00 AM - 3:00 PM, 4:30 PM - 7:30 PM","402A, Shubhashish Square Complex, Shradddhanand Peth Square, Nagpur, Maharashtra"
33,Infectious Disease Specialist,Retrieving data. Wait a few seconds and try to cut or copy again.,4.7,Experience,Available Days,Appointment Times,Location
34,Infectious Disease Specialist,,,,,,
35,Infectious Disease Specialist,,,,,,
36,Infectious Disease Specialist,,,,,,
37,Infectious Disease Specialist,,,,,,
38,Infectious Disease Specialist,,,,,,
39,Infectious Disease Specialist,,,,,,
40,Endocrinologist,,,,,,
41,Endocrinologist,,,,,,
42,Endocrinologist,,,,,,
43,Endocrinologist,,,,,,
44,Endocrinologist,,,,,,
45,Endocrinologist,,,,,,
46,Endocrinologist,,,,,,
47,Endocrinologist,,,,,,
48,Endocrinologist,,,,,,
49,Endocrinologist,,,,,,
50,Pulmonologist,,,,,,
51,Pulmonologist,,,,,,
52,Pulmonologist,,,,,,
53,Pulmonologist,,,,,,
54,Pulmonologist,,,,,,
55,Pulmonologist,,,,,,
56,Pulmonologist,,,,,,
57,Pulmonologist,,,,,,
58,Pulmonologist,,,,,,
59,Pulmonologist,,,,,,
60,Cardiologist,,,,,,
61,Cardiologist,,,,,,
62,Cardiologist,,,,,,
63,Cardiologist,,,,,,
64,Cardiologist,,,,,,
65,Cardiologist,,,,,,
66,Cardiologist,,,,,,
67,Cardiologist,,,,,,
68,Cardiologist,,,,,,
69,Cardiologist,,,,,,
70,Neurologist,,,,,,
71,Neurologist,,,,,,
72,Neurologist,,,,,,
73,Neurologist,,,,,,
74,Neurologist,,,,,,
75,Neurologist,,,,,,
76,Neurologist,,,,,,
77,Neurologist,,,,,,
78,Neurologist,,,,,,
79,Neurologist,,,,,,
80,Orthopedic Surgeon,,,,,,
81,Orthopedic Surgeon,,,,,,
82,Orthopedic Surgeon,,,,,,
83,Orthopedic Surgeon,,,,,,
84,Orthopedic Surgeon,,,,,,
85,Orthopedic Surgeon,,,,,,
86,Orthopedic Surgeon,,,,,,
87,Orthopedic Surgeon,,,,,,
88,Orthopedic Surgeon,,,,,,
89,Orthopedic Surgeon,,,,,,
90,Otolaryngologist(ENT),,,,,,
91,Otolaryngologist(ENT),,,,,,
92,Otolaryngologist(ENT),,,,,,
93,Otolaryngologist(ENT),,,,,,
94,Otolaryngologist(ENT),,,,,,
95,Otolaryngologist(ENT),,,,,,
96,Otolaryngologist(ENT),,,,,,
97,Otolaryngologist(ENT),,,,,,
98,Otolaryngologist(ENT),,,,,,
99,Otolaryngologist(ENT),,,,,,
100,Vascular Surgeon,,,,,,
101,Vascular Surgeon,,,,,,
102,Vascular Surgeon,,,,,,
103,Vascular Surgeon,,,,,,
104,Vascular Surgeon,,,,,,
105,Vascular Surgeon,,,,,,
106,Vascular Surgeon,,,,,,
107,Vascular Surgeon,,,,,,
108,Vascular Surgeon,,,,,,
109,Vascular Surgeon,,,,,,
110,Rheumatologist,,,,,,
111,Rheumatologist,,,,,,
112,Rheumatologist,,,,,,
113,Rheumatologist,,,,,,
114,Rheumatologist,,,,,,
115,Rheumatologist,,,,,,
116,Rheumatologist,,,,,,
117,Rheumatologist,,,,,,
118,Rheumatologist,,,,,,
119,Rheumatologist,,,,,,
120,Urologist,,,,,,
121,Urologist,,,,,,
122,Urologist,,,,,,
123,Urologist,,,,,,
124,Urologist,,,,,,
125,Urologist,,,,,,
126,Urologist,,,,,,
127,Urologist,,,,,,
128,Urologist,,,,,,
129,Urologist,,,,,,
130,,,,,,,
131,,,,,,,
132,,,,,,,
133,,,,,,,
134,,,,,,,
135,,,,,,,
136,,,,,,,
137,,,,,,,
138,,,,,,,
139,,,,,,,
140,,,,,,,
141,,,,,,,
142,,,,,,,
143,,,,,,,
144,,,,,,,
145,,,,,,,
146,,,,,,,
147,,,,,,,
148,,,,,,,
149,,,,,,,
150,,,,,,,
151,,,,,,,
152,,,,,,,
153,,,,,,,
154,,,,,,,
155,,,,,,,
156,,,,,,,
157,,,,,,,
158,,,,,,,
159,,,,,,,
160,,,,,,,
161,,,,,,,
162,,,,,,,
163,,,,,,,
164,,,,,,,
165,,,,,,,
166,,,,,,,
167,,,,,,,
168,,,,,,,
169,,,,,,,
170,,,,,,,
171,,,,,,,
172,,,,,,,
173,,,,,,,
174,,,,,,,
175,,,,,,,
176,,,,,,,
177,,,,,,,
178,,,,,,,
179,,,,,,,
180,,,,,,,
181,,,,,,,
182,,,,,,,
183,,,,,,,
184,,,,,,,
185,,,,,,,
186,,,,,,,
187,,,,,,,
188,,,,,,,
189,,,,,,,
190,,,,,,,
191,,,,,,,
192,,,,,,,
193,,,,,,,
194,,,,,,,
195,,,,,,,
196,,,,,,,
197,,,,,,,
198,,,,,,,
199,,,,,,,
200,,,,,,,
201,,,,,,,
202,,,,,,,
203,,,,,,,
204,,,,,,,
205,,,,,,,
206,,,,,,,
207,,,,,,,
208,,,,,,,
209,,,,,,,
210,,,,,,,
211,,,,,,,
212,,,,,,,
213,,,,,,,
214,,,,,,,
215,,,,,,,
216,,,,,,,
217,,,,,,,
218,,,,,,,
219,,,,,,,
220,,,,,,,
221,,,,,,,
222,,,,,,,
223,,,,,,,
224,,,,,,,
225,,,,,,,
226,,,,,,,
227,,,,,,,
228,,,,,,,
229,,,,,,,
230,,,,,,,
231,,,,,,,
232,,,,,,,
233,,,,,,,
234,,,,,,,
235,,,,,,,
236,,,,,,,
237,,,,,,,
238,,,,,,,
239,,,,,,,
240,,,,,,,
241,,,,,,,
242,,,,,,,
243,,,,,,,
244,,,,,,,
245,,,,,,,
246,,,,,,,
247,,,,,,,
248,,,,,,,
249,,,,,,,
250,,,,,,,
251,,,,,,,
252,,,,,,,
253,,,,,,,
254,,,,,,,
255,,,,,,,
256,,,,,,,
257,,,,,,,
258,,,,,,,
259,,,,,,,
260,,,,,,,
261,,,,,,,
262,,,,,,,
263,,,,,,,
264,,,,,,,
265,,,,,,,
266,,,,,,,
267,,,,,,,
268,,,,,,,
269,,,,,,,
270,,,,,,,
271,,,,,,,
272,,,,,,,
273,,,,,,,
274,,,,,,,
275,,,,,,,
276,,,,,,,
277,,,,,,,
278,,,,,,,
279,,,,,,,
280,,,,,,,
281,,,,,,,
282,,,,,,,
283,,,,,,,
284,,,,,,,
285,,,,,,,
286,,,,,,,
287,,,,,,,
288,,,,,,,
289,,,,,,,
290,,,,,,,
291,,,,,,,
292,,,,,,,
293,,,,,,,
294,,,,,,,
295,,,,,,,
296,,,,,,,
297,,,,,,,
298,,,,,,,
299,,,,,,,
300,,,,,,,
301,,,,,,,
302,,,,,,,
303,,,,,,,
304,,,,,,,
305,,,,,,,
306,,,,,,,
307,,,,,,,
308,,,,,,,
309,,,,,,,
310,,,,,,,
311,,,,,,,
312,,,,,,,
313,,,,,,,
314,,,,,,,
315,,,,,,,
316,,,,,,,
317,,,,,,,
318,,,,,,,
319,,,,,,,
320,,,,,,,
321,,,,,,,
322,,,,,,,
323,,,,,,,
324,,,,,,,
325,,,,,,,
326,,,,,,,
327,,,,,,,
328,,,,,,,
329,,,,,,,
330,,,,,,,
331,,,,,,,
332,,,,,,,
333,,,,,,,
334,,,,,,,
335,,,,,,,
336,,,,,,,
337,,,,,,,
338,,,,,,,
339,,,,,,,
340,,,,,,,
341,,,,,,,
342,,,,,,,
343,,,,,,,
344,,,,,,,
345,,,,,,,
346,,,,,,,
347,,,,,,,
348,,,,,,,
349,,,,,,,
350,,,,,,,
351,,,,,,,
352,,,,,,,
353,,,,,,,
354,,,,,,,
355,,,,,,,
356,,,,,,,
357,,,,,,,
358,,,,,,,
359,,,,,,,
360,,,,,,,
361,,,,,,,
362,,,,,,,
363,,,,,,,
364,,,,,,,
365,,,,,,,
366,,,,,,,
367,,,,,,,
368,,,,,,,
369,,,,,,,
370,,,,,,,
371,,,,,,,
372,,,,,,,
373,,,,,,,
374,,,,,,,
375,,,,,,,
376,,,,,,,
377,,,,,,,
378,,,,,,,
379,,,,,,,
380,,,,,,,
381,,,,,,,
382,,,,,,,
383,,,,,,,
384,,,,,,,
385,,,,,,,
386,,,,,,,
387,,,,,,,
388,,,,,,,
389,,,,,,,
390,,,,,,,
391,,,,,,,
392,,,,,,,
393,,,,,,,
394,,,,,,,
395,,,,,,,
396,,,,,,,
397,,,,,,,
398,,,,,,,
399,,,,,,,
400,,,,,,,
